34;2022-03-02
30;2022-03-12
56;2022-04-10
24;2022-04-30
7;2022-04-04
68;2022-04-23
55;2022-02-11
59;2022-01-08
67;2022-02-24
30;2022-02-17
55;2022-01-07
42;2022-03-31
68;2022-04-20
45;2022-05-12
28;2022-03-11
36;2022-04-11
76;2022-02-25
89;2022-05-15
77;2022-03-10
57;2022-02-05
87;2022-05-05
32;2022-05-02
85;2022-01-26
46;2022-04-02
42;2022-02-27
8;2022-05-09
71;2022-03-25
40;2022-04-05
67;2022-04-09
24;2022-02-02
72;2022-02-12
20;2022-04-14
29;2022-04-18
55;2022-02-05
81;2022-05-04
91;2022-05-11
41;2022-04-15
62;2022-05-01
63;2022-01-09
3;2022-02-13
86;2022-03-14
77;2022-03-26
42;2022-01-13
14;2022-05-02
2;2022-03-17
37;2022-04-02
48;2022-04-03
27;2022-03-26
12;2022-03-01
62;2022-05-13
21;2022-02-28
95;2022-02-17
77;2022-01-26
27;2022-02-09
64;2022-02-16
76;2022-05-14
24;2022-04-28
24;2022-01-18
42;2022-04-26
100;2022-04-04
93;2022-03-11
79;2022-03-01
82;2022-04-15
68;2022-01-03
7;2022-03-13
76;2022-01-18
11;2022-02-20
78;2022-01-24
62;2022-05-01
99;2022-03-17
89;2022-02-15
49;2022-03-18
90;2022-02-08
4;2022-03-03
29;2022-03-22
88;2022-01-03
71;2022-02-01
89;2022-01-23
85;2022-02-25
50;2022-01-31
94;2022-03-31
53;2022-02-24
33;2022-01-13
74;2022-03-22
71;2022-02-24
31;2022-01-31
8;2022-02-09
33;2022-01-04
93;2022-02-24
20;2022-01-14
54;2022-04-12
48;2022-03-07
40;2022-04-18
17;2022-04-25
30;2022-03-10
44;2022-03-29
65;2022-05-02
1;2022-03-08
37;2022-04-24
82;2022-05-05
