75;2022-04-09
67;2022-05-03
10;2022-05-11
100;2022-02-14
18;2022-03-28
15;2022-05-15
60;2022-05-19
36;2022-04-22
51;2022-05-19
1;2022-05-16
96;2022-05-16
41;2022-04-06
72;2022-05-12
73;2022-04-17
27;2022-04-25
68;2022-04-25
23;2022-02-22
7;2022-05-11
22;2022-05-09
53;2022-02-19
51;2022-04-18
15;2022-05-18
75;2022-05-19
33;2022-04-02
97;2022-05-14
82;2022-02-23
88;2022-03-18
93;2022-05-18
33;2022-02-11
3;2022-04-30
69;2022-03-23
31;2022-03-29
35;2022-04-30
43;2022-03-24
18;2022-04-30
5;2022-04-23
25;2022-04-21
75;2022-04-27
62;2022-04-18
49;2022-04-03
43;2022-03-18
88;2022-04-27
53;2022-04-20
94;2022-02-19
70;2022-05-11
80;2022-03-23
96;2022-05-16
2;2022-04-18
25;2022-03-28
97;2022-05-19
