42;WVO-230;1
36;236HMP;2
36;1-E6052;3
17;164HFR;4
26;PTQ2170;5
22;920T1;6
23;I30 6SE;7
19;420P3;8
4;6-P2808;9
7;MVB 690;10
3;P04-74N;11
20;455 2874;12
49;0PYP 18;13
30;83WK968;14
9;MHU 283;15
19;8-R6619;16
39;041 8796;17
37;2B 1V4YEG;18
24;DM8 Q5H;19
4;BSF 575;20
48;96-DG71;21
5;122 FDI;22
16;L44 1QO;23
48;340 FFD;24
28;LWY 016;25
6;762-YGKZ;26
33;KEW 929;27
31;90-50002;28
44;0MPX639;29
30;881 VNZ;30
8;WLS 091;31
36;805 DHY;32
3;SAA 862;33
50;753 VQX;34
16;HCR W61;35
42;598R8;36
20;96RL5;37
3;CYS4550;38
5;KBK 982;39
34;S 903852;40
35;286-ZWW;41
6;96FW347;42
18;LSK 117;43
11;087QTD;44
41;566IAW;45
34;346-UXU;46
39;0-89494X;47
26;71QF068;48
30;1-92139;49
27;HBR 290;50
