732;2022-05-10
576;2022-05-17
586;2022-05-30
211;2022-05-27
649;2022-05-21
930;2022-04-03
38;2022-05-23
874;2022-05-04
654;2022-05-25
966;2022-05-14
684;2022-03-20
722;2022-02-17
357;2022-05-28
472;2022-05-26
316;2022-02-22
270;2022-05-21
156;2022-04-21
85;2022-05-16
680;2022-04-30
872;2022-05-27
876;2022-04-02
852;2022-04-03
466;2022-04-19
553;2022-05-17
709;2022-03-16
189;2022-05-29
633;2022-03-09
395;2022-05-28
795;2022-04-09
490;2022-03-18
243;2022-04-29
394;2022-04-06
356;2022-03-22
431;2022-04-07
696;2022-01-19
423;2022-04-19
906;2022-05-18
188;2022-05-18
126;2022-02-18
703;2022-04-08
298;2022-05-30
632;2022-03-04
786;2022-04-29
503;2022-04-26
965;2022-05-08
836;2022-05-27
702;2022-02-03
447;2022-04-13
623;2022-05-21
49;2022-05-24
633;2022-05-10
96;2022-03-28
815;2022-05-29
433;2022-05-27
364;2022-05-17
902;2022-04-26
707;2022-02-15
26;2022-04-08
579;2022-04-14
1;2022-03-03
163;2022-05-22
564;2022-03-28
750;2022-03-14
227;2022-05-05
190;2022-04-22
764;2022-04-11
879;2022-05-08
38;2022-05-11
404;2022-05-15
724;2022-05-30
662;2022-04-07
96;2022-05-06
824;2022-04-24
524;2022-03-25
333;2022-04-12
930;2022-04-02
914;2022-04-13
56;2022-04-06
85;2022-04-13
612;2022-04-28
558;2022-05-12
87;2022-01-31
298;2022-03-23
558;2022-05-21
945;2022-03-09
802;2022-05-14
934;2022-03-17
511;2022-04-22
291;2022-03-01
745;2022-05-10
202;2022-02-15
472;2022-03-29
109;2022-05-30
722;2022-05-24
553;2022-04-06
724;2022-02-27
685;2022-05-21
681;2022-05-14
573;2022-04-20
463;2022-03-18
395;2022-05-04
679;2022-04-17
946;2022-05-09
987;2022-04-20
194;2022-05-11
31;2022-05-18
51;2022-03-26
488;2022-02-07
786;2022-02-23
697;2022-05-22
311;2022-05-01
910;2022-05-30
226;2022-05-24
399;2022-05-21
479;2022-05-11
198;2022-04-13
461;2022-04-22
491;2022-05-12
779;2022-05-18
680;2022-05-06
832;2022-04-10
360;2022-02-03
497;2022-05-18
791;2022-04-23
593;2022-05-22
282;2022-05-30
826;2022-05-11
196;2022-01-27
205;2022-04-29
83;2022-05-27
49;2022-05-10
475;2022-05-01
552;2022-04-16
576;2022-05-11
439;2022-04-29
381;2022-05-26
879;2022-02-26
45;2022-05-21
142;2022-05-24
348;2022-03-17
100;2022-04-13
180;2022-05-27
282;2022-05-19
553;2022-05-28
740;2022-05-23
881;2022-05-21
83;2022-04-29
152;2022-02-15
806;2022-05-17
263;2022-05-13
576;2022-05-29
280;2022-05-29
974;2022-05-13
129;2022-05-10
795;2022-05-10
814;2022-05-13
660;2022-03-17
933;2022-05-16
880;2022-05-09
667;2022-05-12
973;2022-03-15
35;2022-05-27
516;2022-04-22
484;2022-04-08
560;2022-05-16
961;2022-05-26
19;2022-04-18
205;2022-03-29
422;2022-03-11
59;2022-05-16
406;2022-03-02
951;2022-04-21
377;2022-03-29
571;2022-05-09
877;2022-03-04
651;2022-04-11
254;2022-02-21
419;2022-05-17
567;2022-05-15
708;2022-05-22
686;2022-05-24
236;2022-04-14
157;2022-02-14
42;2022-05-08
967;2022-05-08
11;2022-04-24
407;2022-05-07
248;2022-05-29
146;2022-05-12
944;2022-05-05
936;2022-05-13
893;2022-05-17
912;2022-05-30
255;2022-05-03
979;2022-02-13
133;2022-01-08
440;2022-04-18
180;2022-05-27
742;2022-05-30
64;2022-03-30
301;2022-04-12
239;2022-05-16
246;2022-05-17
980;2022-03-10
351;2022-03-15
639;2022-04-03
609;2022-05-24
327;2022-02-09
910;2022-05-19
618;2022-05-24
371;2022-05-23
265;2022-05-16
45;2022-05-24
178;2022-05-01
545;2022-04-23
244;2022-04-22
770;2022-05-08
244;2022-03-01
747;2022-02-23
31;2022-05-10
434;2022-03-14
850;2022-05-21
444;2022-04-28
313;2022-03-22
910;2022-04-28
11;2022-02-25
640;2022-04-30
631;2022-05-06
407;2022-05-10
236;2022-02-08
742;2022-05-13
996;2022-05-11
579;2022-05-07
201;2022-03-04
18;2022-05-15
403;2022-04-02
551;2022-05-10
387;2022-03-29
643;2022-02-24
588;2022-02-05
969;2022-05-22
553;2022-05-01
310;2022-04-15
1;2022-03-19
217;2022-05-07
155;2022-05-16
130;2022-02-27
950;2022-05-21
594;2022-01-29
443;2022-04-03
728;2022-01-31
770;2022-04-20
692;2022-05-22
862;2022-05-30
706;2022-05-18
320;2022-05-25
474;2022-05-19
302;2022-05-15
664;2022-05-14
608;2022-05-25
38;2022-05-09
41;2022-05-28
694;2022-03-25
235;2022-04-23
560;2022-03-17
646;2022-05-20
352;2022-05-22
144;2022-05-22
71;2022-05-08
249;2022-05-11
53;2022-05-14
469;2022-05-04
109;2022-04-29
331;2022-05-07
267;2022-04-16
692;2022-05-10
496;2022-04-26
300;2022-05-28
669;2022-03-31
390;2022-05-17
146;2022-04-15
624;2022-03-14
582;2022-03-25
485;2022-05-30
482;2022-05-23
380;2022-05-07
32;2022-05-11
919;2022-03-09
161;2022-03-31
911;2022-03-27
693;2022-04-20
825;2022-05-26
296;2022-05-24
445;2022-05-22
914;2022-05-02
344;2022-04-23
506;2022-03-11
259;2022-04-17
299;2022-04-30
545;2022-05-18
594;2022-05-15
945;2022-03-27
905;2022-05-27
137;2022-05-02
44;2022-05-30
72;2022-05-21
391;2022-05-06
887;2022-03-19
777;2022-05-21
801;2022-04-16
751;2022-04-21
415;2022-03-02
382;2022-05-30
977;2022-05-07
684;2022-04-06
959;2022-05-17
399;2022-05-02
545;2022-05-18
243;2022-05-22
394;2022-03-27
719;2022-05-19
581;2022-03-06
997;2022-04-01
489;2022-05-18
493;2022-04-24
714;2022-05-16
831;2022-04-09
911;2022-05-09
803;2022-03-30
731;2022-03-19
593;2022-05-08
8;2022-03-02
20;2022-04-20
997;2022-03-30
860;2022-05-24
622;2022-02-21
734;2022-05-25
78;2022-02-25
847;2022-05-18
775;2022-03-23
84;2022-04-10
111;2022-04-30
843;2022-04-14
61;2022-03-21
472;2022-01-22
428;2022-05-25
415;2022-05-08
514;2022-04-09
801;2022-05-17
491;2022-05-20
949;2022-05-22
301;2022-03-30
440;2022-04-14
793;2022-05-25
120;2022-05-07
137;2022-05-19
991;2022-03-16
495;2022-05-05
370;2022-04-29
653;2022-04-21
583;2022-05-21
766;2022-05-27
302;2022-04-15
729;2022-01-10
454;2022-03-02
902;2022-03-23
408;2022-05-14
750;2022-05-21
636;2022-03-15
758;2022-03-27
342;2022-05-30
348;2022-05-02
816;2022-05-22
562;2022-04-26
355;2022-05-09
38;2022-05-12
159;2022-04-24
739;2022-05-24
591;2022-05-25
386;2022-04-29
280;2022-04-28
439;2022-02-28
865;2022-05-07
816;2022-05-01
181;2022-04-17
387;2022-04-28
792;2022-05-28
660;2022-05-13
887;2022-05-27
511;2022-05-21
665;2022-04-26
746;2022-03-23
304;2022-05-24
556;2022-04-26
215;2022-04-25
450;2022-05-06
241;2022-05-26
671;2022-04-28
652;2022-04-06
491;2022-03-07
146;2022-05-10
49;2022-03-24
229;2022-02-07
8;2022-03-10
399;2022-05-21
615;2022-05-14
894;2022-03-31
234;2022-05-14
902;2022-04-26
166;2022-05-30
652;2022-05-17
509;2022-05-27
279;2022-05-29
465;2022-05-10
939;2022-05-23
875;2022-04-02
366;2022-05-25
3;2022-05-11
944;2022-04-28
536;2022-05-24
788;2022-04-30
755;2022-05-21
997;2022-02-08
106;2022-05-25
341;2022-04-13
189;2022-03-01
592;2022-04-24
449;2022-05-27
710;2022-05-22
256;2022-04-20
151;2022-03-25
150;2022-05-25
913;2022-03-15
210;2022-01-09
431;2022-05-29
250;2022-03-24
478;2022-02-20
252;2022-05-04
971;2022-04-13
702;2022-05-15
574;2022-02-02
464;2022-01-22
538;2022-03-22
138;2022-05-22
116;2022-03-28
396;2022-04-21
951;2022-04-24
701;2022-05-15
430;2022-04-19
438;2022-03-30
579;2022-02-25
45;2022-05-28
629;2022-03-23
835;2022-02-25
54;2022-03-17
457;2022-04-04
119;2022-05-16
842;2022-02-26
337;2022-05-22
708;2022-03-07
419;2022-05-24
461;2022-05-14
448;2022-04-20
883;2022-05-16
927;2022-05-16
652;2022-03-09
851;2022-02-13
622;2022-02-24
365;2022-04-05
677;2022-05-17
686;2022-05-25
668;2022-05-10
486;2022-01-23
168;2022-05-18
553;2022-05-24
125;2022-04-23
406;2022-05-20
205;2022-05-22
896;2022-04-07
837;2022-04-23
144;2022-05-30
355;2022-02-26
235;2022-04-23
512;2022-05-04
930;2022-05-09
913;2022-04-29
835;2022-05-01
468;2022-05-19
133;2022-05-08
179;2022-05-05
69;2022-03-15
490;2022-04-19
792;2022-04-02
962;2022-05-13
494;2022-05-20
421;2022-03-26
655;2022-05-23
889;2022-04-30
798;2022-01-12
96;2022-05-22
