4;0J ZD364;1
135;54-4955K;2
253;UYX-2257;3
4;394 DHG;4
500;238152;5
238;4GSS980;6
357;II 66463;7
489;06Y Y22;8
182;57-WR19;9
158;0N NU065;10
103;MNY4836;11
139;1XH 014;12
361;299 JKL;13
74;MGA 425;14
133;A30 3ID;15
27;5RI 578;16
355;822 QLL;17
481;235-ZGQ;18
162;987-GDLS;19
286;3WI 085;20
100;535 2586;21
388;890PX;22
107;SDH-5762;23
102;W38 9GH;24
57;JLW-7291;25
380;CCV-055;26
407;LNN 120;27
139;2-44154X;28
261;HQK 581;29
398;1PL 247;30
231;QKD-450;31
175;374V9;32
8;4Z 81894;33
77;6ZMC437;34
396;4J D4610;35
316;5CRP 00;36
401;KZC 305;37
103;GJK-6970;38
302;JUX 719;39
190;939MR;40
354;87T 723;41
27;OG-2695;42
217;UBM-0661;43
381;5K X6478;44
482;OEI 722;45
483;RCN-3231;46
178;905DZ;47
124;0HG4804;48
145;KK 39177;49
447;HOM 567;50
343;Q92 5ZV;51
131;M00 6AI;52
433;CLD 965;53
401;9-81196P;54
496;2D 6446F;55
434;HEX 493;56
44;0ZN5445;57
314;OS 34021;58
92;UMO-452;59
390;BVA 257;60
262;MOI 782;61
80;BAJ-9407;62
492;917-JAG;63
426;8608 YG;64
439;5550;65
36;RNY 059;66
134;016W9;67
462;IHX 9861;68
463;271 TIX;69
377;BLF-887;70
260;94ZG4;71
154;1G G8087;72
87;MDN-059;73
167;51L 442;74
112;890 GTX;75
151;5715;76
226;6S 8G6BXS;77
466;258 VRY;78
278;909-XVP;79
7;0-49268;80
363;725-VKI;81
60;6FKR 78;82
378;5I 49751;83
177;FRP-0330;84
191;10Z XG2;85
6;8G345;86
328;KWU 962;87
301;1-01607;88
186;875-QYW;89
471;O 560315;90
151;224 2703;91
158;53F R05;92
197;L40 1SZ;93
304;W98 5IP;94
80;710-780;95
299;079 EZ0;96
220;488 CRK;97
203;035-BVO;98
393;4JY22;99
355;EI3 5514;100
114;651MG;101
85;OWX 446;102
220;016RR;103
140;SDB N43;104
327;91-2186S;105
347;654-EKR;106
465;324-VOS;107
48;HB9 3919;108
176;26IH484;109
336;ER7 U6E;110
222;45F-622;111
448;TR6 U7F;112
326;593 2EM;113
39;OIS-5832;114
473;4-T4716;115
296;5WV1671;116
244;VJP-9096;117
281;DPB-838;118
375;9-Z3744;119
370;6BH99;120
373;963 NQV;121
349;2E 75997;122
3;Y92 2KH;123
67;81F 3542;124
348;8LZJ519;125
223;790 NTR;126
395;98P 3359;127
119;6BKA112;128
192;91HO758;129
77;TRK 121;130
21;PSR 7436;131
178;6JM57;132
464;602-ORP;133
484;269-GWO;134
254;PFI-4842;135
259;341 RPH;136
45;FUX-1801;137
249;869YF;138
183;RNQ-644;139
287;570 GMG;140
103;47F 761;141
114;Y08 5QE;142
51;54-6719K;143
154;184 LAT;144
104;CP7 2589;145
58;E49-CBT;146
426;5N753;147
72;Q13-44Y;148
369;2-13147D;149
414;1975;150
149;0SS Y72;151
192;NH2 6861;152
416;239 QRM;153
490;BK3 J0S;154
358;P81-10D;155
115;34-RQ11;156
339;ZW1 T2R;157
28;OIU 039;158
44;ERY-535;159
188;FFL-8340;160
375;900 ISF;161
468;7C 65542;162
361;782 0PI;163
64;1SL 436;164
421;456-557;165
154;6U BW497;166
253;444GAE;167
339;B75-SMG;168
77;126 ZPT;169
158;759252;170
247;668 OQY;171
24;LHP 501;172
435;51MM7;173
369;786-VED;174
460;LVT 556;175
49;524-IHV;176
57;MMK 341;177
372;JS1 N0M;178
82;Y23-SBC;179
188;851 SCA;180
306;340K2;181
97;OK-9651;182
233;938 JEP;183
55;753 2360;184
362;429UNP;185
189;896 8HD;186
286;HLS 594;187
363;JSW-836;188
141;VFL8420;189
61;0I 44536;190
394;PUL X59;191
380;217-TZWJ;192
306;718-NLC;193
226;OQH 582;194
162;HZQ 553;195
84;716-UPM;196
423;JHN-296;197
200;NA 78010;198
102;815943;199
350;E96 1WW;200
314;292-GGV;201
490;KBN-3689;202
237;798-FSBU;203
386;009-LNM;204
391;707 WHX;205
154;SXT-5426;206
342;305746;207
235;8K PP579;208
277;VHD4588;209
1;GMB9399;210
413;PGS 271;211
478;470 0EU;212
114;9KV J12;213
55;M05-65V;214
93;769STO;215
382;266-YLV;216
279;JIY3522;217
459;C 614595;218
338;528-WDX;219
454;732DUT;220
367;QF2 F1B;221
407;C34 8WG;222
7;7166 SM;223
445;79N 225;224
237;H30 4ZZ;225
191;18FX3;226
248;OWY-507;227
215;410CW;228
23;519 XG0;229
467;6W CC944;230
407;69W A51;231
194;6ACG718;232
312;330-ZXB;233
240;WVL 595;234
100;7C 09441;235
102;3-L3080;236
142;8P 5206J;237
486;DVY 2504;238
10;987 LWM;239
441;4GIC 32;240
318;628-700;241
455;997FMU;242
382;XIB 0172;243
204;9M 29573;244
295;BMJ9493;245
231;OBF 482;246
488;EKZ-396;247
177;LZY 567;248
79;SCF5949;249
377;I53 8UM;250
166;DN 8421;251
286;GEI 131;252
443;619 XEG;253
271;KEV-6197;254
254;02O W43;255
454;UPB 873;256
477;641-305;257
458;KBF 590;258
119;83KO848;259
67;HQ-9994;260
300;LPV6662;261
136;YJ 8767;262
140;2-W0576;263
146;LPD-003;264
60;321 XBX;265
309;993-HPK;266
348;YMG 380;267
132;7L404;268
358;883 YUV;269
70;RSH 559;270
307;FTO-3876;271
136;45-H875;272
11;113 GIN;273
247;PTV-1241;274
455;102-TCAV;275
42;A77 8JX;276
489;PX8 E4Y;277
449;VN 91237;278
197;946NMV;279
439;ZRU 447;280
442;843 YYE;281
438;D78-48A;282
51;BDP 8779;283
425;E55 5CT;284
273;9PR34;285
152;836-TCR;286
415;778-QNS;287
217;424M1;288
306;GK0 K2O;289
55;N27-ZXU;290
41;612798;291
98;86T V28;292
84;VHH-9553;293
308;742 9007;294
29;560 TDR;295
78;948 6NH;296
52;LNN 485;297
303;422 VCK;298
293;KQQ 8549;299
338;915-715;300
61;613 UEQ;301
38;MEV-801;302
373;59-6314D;303
380;E55 0IG;304
467;GO 6497;305
260;912 4FS;306
185;0-16159N;307
33;WZU 168;308
18;7N662;309
327;1-K3378;310
72;634 WE7;311
125;199 USU;312
421;342SRP;313
337;VYV-208;314
23;08-52004;315
495;QDE 372;316
378;765 SWM;317
344;U 239991;318
416;9-N1505;319
25;483 YZR;320
326;6W 6D1DXR;321
317;ADP-136;322
219;CNR 254;323
416;98N AJ2;324
194;284 IXF;325
354;7149 FD;326
485;CTX5965;327
223;511 HCH;328
6;MUD 814;329
80;0OF L61;330
431;HVH 317;331
481;7M W8337;332
164;3BM5916;333
233;302 PWD;334
261;YUN-095;335
182;176-MIL;336
472;645-NFX;337
245;EW 0575;338
469;LQY-6367;339
15;239-JRU;340
488;275 XSA;341
22;038-624;342
165;ZCN 735;343
167;389-FKJ;344
392;KIT-2622;345
217;74B-002;346
337;5TO 146;347
57;2A IT428;348
35;359 RZQ;349
238;Y44 8RT;350
37;847T7;351
5;297EMG;352
469;816CRZ;353
441;734 PZU;354
58;350O;355
86;477-PHR;356
21;633 HJJ;357
422;44W B28;358
103;411-TMCM;359
84;6HX24;360
346;07KL718;361
165;742 EJM;362
96;801-QXT;363
217;DXZ 985;364
38;PVF 420;365
30;ROX-934;366
420;PYZ-7365;367
254;9K 7286I;368
336;2Z 8383T;369
75;505AKS;370
236;50-7061G;371
197;6J 7761R;372
236;73-84602;373
136;8-W3984;374
7;TM7 1674;375
119;2KG 620;376
418;PMX 323;377
483;485-474;378
296;1-Y7559;379
496;ZFH-2587;380
231;JTX3600;381
332;QVQ1908;382
370;694JO;383
457;129-VNO;384
329;TJI-4816;385
413;176-245;386
462;0RA 937;387
168;BG4 R4T;388
462;64G-397;389
364;523 VT5;390
183;7Y 20711;391
342;1UK 263;392
405;URM2201;393
327;9A MX038;394
468;5-T0852;395
341;3FN 781;396
369;XW1 I7R;397
84;GXX-999;398
53;7N 92997;399
12;J01-15W;400
202;00A V72;401
430;152-JYKY;402
82;NIN-013;403
324;ZVX 015;404
257;624717;405
349;5454;406
31;282-WDOP;407
456;KJI 864;408
99;4907;409
207;1-0935K;410
386;56V S47;411
145;7-95690T;412
196;DFP-5890;413
259;4BV Z10;414
71;Z27-18G;415
207;JCE-122;416
163;4JQJ671;417
259;ZK-7244;418
234;160OKS;419
270;Q38-XNX;420
152;586 6KY;421
84;TN7 B1P;422
32;772-ICQ;423
281;33EO715;424
198;JCF 043;425
302;8M 3587O;426
184;V52-15C;427
398;8AD 185;428
459;ZR 37358;429
472;ZYZ 705;430
6;8681;431
113;9U431;432
265;215-ZMW;433
194;405Q6;434
256;ZXM 472;435
485;Z14 5NR;436
225;MXP 746;437
419;BZM 952;438
458;7QI6696;439
22;66O-447;440
113;JJP 114;441
303;81ZU480;442
218;UEC8190;443
286;JMJ 185;444
107;1WE5752;445
403;MGQ-4480;446
388;BSQ2508;447
293;WZN 2459;448
45;1-97341F;449
32;U95 9VL;450
36;481 KCJ;451
138;RDV 430;452
135;YAM9166;453
443;206 EFC;454
22;1H K1413;455
175;WU-8900;456
200;2M 05934;457
377;7-M0280;458
325;GYI 5835;459
160;QXD-1585;460
113;959CJ;461
424;REN-796;462
399;NRU G63;463
365;59J 674;464
113;LYY 327;465
412;OU 80817;466
210;QAB-5352;467
320;43HY1;468
140;RRV-0685;469
176;KBU 078;470
407;428 XN8;471
301;YFJ-8292;472
310;ZMW 170;473
299;7PZB243;474
421;Z56-ONK;475
166;LPI P08;476
226;997 VMJ;477
83;JXK 507;478
246;HYF 593;479
191;YC9 Q2E;480
17;UJB-624;481
192;WJU 349;482
9;04H-328;483
397;MVY 995;484
305;MJA 791;485
274;ZUA 782;486
92;KJ 06642;487
112;ZQR 042;488
213;MMP 742;489
289;9OH 267;490
293;S58 9MP;491
86;306-SYX;492
206;689 PJA;493
461;306 NEI;494
332;BWB-260;495
153;FGZ-930;496
118;MAN 357;497
31;91C Q62;498
41;196L;499
444;79R-764;500
